ASAP_A	ASAP_B	ASAP_C
1.226772616	1.292785506	1.169895319
1.267726161	1.244904562	1.220551077
1.184596577	1.220964089	1.176633377
1.231051345	1.199611776	1.188785946
1.166564792	1.234551925	1.185777885
1.256418093	1.274344872	1.14450728
1.214242054	1.237787124	1.113825051
1.291564792	1.258815917	1.160991457
1.240220049	1.227110967	1.245217182
1.153728606	1.158848269	1.181205631
1.155562347	1.181818182	1.234027193
1.189486553	1.221611129	1.146312116
1.312652812	1.356842446	1.122006979
1.227689487	1.262698156	1.135122127
1.290647922	1.321255257	1.226326555
1.175427873	1.179230023	1.215377211
1.18306846	1.173083145	1.185416917
1.186430318	1.245228082	1.178678859
1.255806846	1.295050146	1.151967272
1.263141809	1.299902944	1.239922994
1.246026895	1.274344872	1.256647816
1.250305623	1.288903268	1.134400193
1.223716381	1.226463928	1.178197569
1.256418093	1.284697509	1.143304055
1.302261614	1.331607894	1.24509686
1.175122249	1.208670333	1.289736494
1.213325183	1.242963442	1.156298881
1.183679707	1.213846652	1.169173385
1.289731051	1.299255904	1.187703044
1.368581907	1.398252993	1.193959812
1.168398533	1.1869945	1.279870052
1.187958435	1.222581689	1.258572976
1.210268949	1.232287286	1.215497533
1.207212714	1.237787124	1.194681747
1.393643032	1.399223552	1.232703646
1.312347188	1.37495956	1.278666827
1.280867971	1.304108703	1.239922994
1.221271394	1.264315755	1.207315606
1.253361858	1.284697509	1.116472145
1.339853301	1.368489162	1.204427867
1.28698044	1.283726949	1.196486584
1.246943765	1.274344872	1.247503309
1.135085575	1.180524102	1.226326555
1.268948655	1.265609835	1.155937914
1.22891198	1.292785506	1.277944892
1.376833741	1.378518279	1.221994946
1.27292176	1.321902297	1.297798099
1.204156479	1.247816241	1.256046204
1.358801956	1.351989647	1.215497533
1.22707824	1.274021352	1.286367465
1.355745721	1.363636364	1.245578149
1.353606357	1.321255257	1.333052581
1.253361858	1.274991912	1.316688726
1.328545232	1.381753478	1.313440019
1.302567237	1.323843416	1.138130189
1.455378973	1.489809123	1.200577548
1.357885086	1.389517955	1.253760077
1.39608802	1.428987383	1.26170136
1.166564792	1.191200259	1.35206353
1.2200489	1.255904238	1.253038142
1.349633252	1.387900356	1.258452653
1.289119804	1.353283727	1.300204548
1.403728606	1.449045616	1.251233305
1.320904645	1.321902297	1.266754903
1.301344743	1.334519573	1.20069787
1.381112469	1.428663863	1.233545903
1.276894866	1.319961178	1.293346168
1.319682152	1.387253316	1.263626519
1.290953545	1.260433517	1.336662255
1.288814181	1.3138143	1.188184334
1.344743276	1.385635717	1.275658765
1.306845966	1.34390165	1.248947178
1.450488998	1.445486897	1.269161352
1.240220049	1.292785506	1.29250391
1.378361858	1.358783565	1.268319095
1.296149144	1.321255257	1.237757189
1.31601467	1.360077645	1.324148719
1.314486553	1.368489162	1.282757791
1.377444988	1.349725008	1.319576465
1.33190709	1.362665804	1.264348454
1.364914425	1.425752184	1.24365299
1.339547677	1.376900679	1.203705932
1.35207824	1.418958266	1.321621947
1.292787286	1.37366548	1.25051137
1.295232274	1.285668069	1.272771026
1.287897311	1.295050146	1.319215498
1.386308068	1.433193141	1.295752617
1.336797066	1.323843416	1.313199374
1.305012225	1.350372048	1.242570088
1.440709046	1.446457457	1.205751414
1.371332518	1.4373989	1.289856816
1.360635697	1.3756066	1.292864878
1.26497555	1.328049175	1.346889664
1.246638142	1.262374636	1.325953556
1.387530562	1.408605629	1.284562628
1.378056235	1.390812035	1.27589941
1.424205379	1.476544808	1.253519432
1.407396088	1.46942737	1.256166526
1.363691932	1.40472339	1.315004211
1.329767726	1.330313814	1.30128745
1.316625917	1.339048852	1.35254482
1.308679707	1.360401165	1.284803273
1.398227384	1.408605629	1.360606425
1.405256724	1.384341637	1.337865479
1.431845966	1.400517632	1.280591987
1.34596577	1.381753478	1.348574179
1.442542787	1.470721449	1.31007099
1.392726161	1.392106115	1.329563229
1.33893643	1.413781948	1.363614487
1.403728606	1.422840505	1.355793527
1.451711491	1.454868974	1.295271327
1.385391198	1.385959236	1.330646132
1.441625917	1.486897444	1.341595476
1.41992665	1.461662892	1.292864878
1.338630807	1.37495956	1.338226447
1.412897311	1.448398577	1.391408976
1.382334963	1.4373989	1.379015762
1.342603912	1.360077645	1.358320298
1.410146699	1.430604982	1.202863675
1.468520782	1.461986412	1.360606425
1.457823961	1.523778712	1.309228733
1.400977995	1.441604659	1.398387679
1.26405868	1.336137172	1.373962219
1.440403423	1.495632481	1.280591987
1.417176039	1.429310903	1.390807364
1.462102689	1.49983824	1.355191914
1.505806846	1.474280168	1.315365179
1.374388753	1.351989647	1.465166647
1.490220049	1.554189583	1.313560342
1.39792176	1.411193788	1.383828661
1.423899755	1.382076998	1.36084707
1.552872861	1.62504044	1.337504512
1.320293399	1.399547072	1.386355433
1.488691932	1.503720479	1.321260979
1.471577017	1.472662569	1.416676694
1.397310513	1.465545131	1.453014078
1.449572127	1.535748949	1.328360005
1.400977995	1.422516985	1.412946697
1.527506112	1.523778712	1.343159668
1.513141809	1.555807182	1.474551799
1.376833741	1.420899385	1.357478041
1.467298289	1.559365901	1.295511972
1.458435208	1.482044646	1.357839009
1.571821516	1.587512132	1.376368668
1.414425428	1.448398577	1.36084707
1.332823961	1.393723714	1.464805679
1.428789731	1.485279845	1.326555168
1.422677262	1.485279845	1.398508001
1.45507335	1.453574895	1.353627722
1.575794621	1.573924296	1.425339911
1.321515892	1.377547719	1.484899531
1.468520782	1.50016176	1.390687041
1.449266504	1.513102556	1.336662255
1.468215159	1.501779359	1.401756708
1.527811736	1.580394694	1.355793527
1.47707824	1.440634099	1.433401516
1.365831296	1.422516985	1.358320298
1.467603912	1.553219023	1.456744074
1.397310513	1.443222258	1.449404404
1.463325183	1.507279198	1.442305378
1.428484108	1.418958266	1.289255204
1.527811736	1.565512779	1.372638672
1.553789731	1.585247493	1.423414752
1.528728606	1.56292462	1.431476357
1.350550122	1.394694274	1.401756708
1.424816626	1.458751213	1.405727349
1.491136919	1.487220964	1.439898929
1.523838631	1.575218376	1.359042233
1.488080685	1.517631834	1.440620864
1.50794621	1.517955354	1.449645049
1.539119804	1.545131026	1.352905788
1.440709046	1.507926237	1.402598965
1.511613692	1.548042705	1.437612802
1.542481663	1.59527661	1.428468295
1.453545232	1.487868004	1.491396944
1.486246944	1.49983824	1.369991577
1.549205379	1.521190553	1.431476357
1.470660147	1.511161436	1.489712429
1.567542787	1.578777095	1.430874744
1.482579462	1.511161436	1.47070148
1.476772616	1.527984471	1.420286367
1.586185819	1.588159172	1.430393454
1.510085575	1.53121967	1.425941523
1.515586797	1.600452928	1.464204067
1.517420538	1.515690715	1.459270846
1.531479218	1.589129731	1.495848875
1.481356968	1.522484633	1.458789556
1.493581907	1.579747654	1.407772831
1.537591687	1.591717891	1.432559259
1.582212714	1.650598512	1.505234027
1.526589242	1.549983824	1.497533389
1.432762836	1.483662245	1.506798219
1.473105134	1.490779683	1.59571652
1.614914425	1.704626335	1.506557574
1.590464548	1.598511808	1.434003128
1.599327628	1.666127467	1.451088918
1.709046455	1.767065675	1.490915654
1.5950489	1.644775154	1.495006618
1.464853301	1.56389518	1.531464324
1.513753056	1.543836946	1.430754422
1.554095355	1.56357166	1.501744676
1.587102689	1.578777095	1.554566238
1.596577017	1.634746037	1.467934063
1.479523227	1.53251375	1.515942727
1.539119804	1.600129408	1.503308868
1.6549511	1.702361695	1.46143665
1.514364303	1.554189583	1.565034292
1.586797066	1.654480751	1.457466009
1.599633252	1.675509544	1.511129828
1.531173594	1.547072145	1.518589821
1.679095355	1.765448075	1.462760197
1.520171149	1.56292462	1.529900132
1.548288509	1.596894209	1.480688244
1.646393643	1.613393724	1.535073998
1.560207824	1.581688774	1.502346288
1.600855746	1.683274021	1.530020455
1.547982885	1.542866386	1.576344604
1.66198044	1.644775154	1.514378534
1.621638142	1.661598188	1.549392372
1.603606357	1.666127467	1.504993382
1.738997555	1.736978324	1.525568524
1.624388753	1.628275639	1.52147756
1.655256724	1.702685215	1.498856937
1.593215159	1.638628276	1.557333654
1.564792176	1.660304109	1.544098183
1.633557457	1.671303785	1.504512092
1.604828851	1.589129731	1.58982072
1.657090465	1.709479133	1.499819516
1.652811736	1.703979295	1.584045241
1.591687042	1.627952119	1.592227169
1.64608802	1.724684568	1.555288172
1.561735941	1.62568748	1.532306582
1.697127139	1.699126496	1.603296836
1.738997555	1.757360078	1.532426904
1.598105134	1.681979942	1.635302611
1.602689487	1.645422193	1.616893274
1.717909535	1.777094791	1.585248466
1.570599022	1.626011	1.58982072
1.764669927	1.755095438	1.644808086
1.684596577	1.771918473	1.589700397
1.636613692	1.713037852	1.554927205
1.709657702	1.713037852	1.554806882
1.732273839	1.799741184	1.594633618
1.701405868	1.735684245	1.597040067
1.643031785	1.691685539	1.564071712
1.641198044	1.680362342	1.545662375
1.680012225	1.742801682	1.649741307
1.693459658	1.767065675	1.643725183
1.650672372	1.68650922	1.615088437
1.614608802	1.704949854	1.573095897
1.757334963	1.772565513	1.615930694
1.721271394	1.818828858	1.597040067
1.726466993	1.74862504	1.592106846
1.642420538	1.715626011	1.621465528
1.712713936	1.763183436	1.644086151
1.680929095	1.730184406	1.633979064
1.648838631	1.684568101	1.694019974
1.730134474	1.747978001	1.735410901
1.717298289	1.788094468	1.591023944
1.775672372	1.759948237	1.633016484
1.792481663	1.871562601	1.644928408
1.796149144	1.879650599	1.64793647
1.730134474	1.797153025	1.750330887
1.740220049	1.795858945	1.554084948
1.739608802	1.753801359	1.601852966
1.757640587	1.821093497	1.659006136
1.869804401	1.948236817	1.661412586
1.604523227	1.630540278	1.701840934
1.63202934	1.731478486	1.606064252
1.747860636	1.788741508	1.686800626
1.761613692	1.819799418	1.690049332
1.820293399	1.896473633	1.641559379
1.665953545	1.737948884	1.665984839
1.808679707	1.822387577	1.682829984
1.797066015	1.853121967	1.695463843
1.770782396	1.773859592	1.650102274
1.778728606	1.825622776	1.601131031
1.729523227	1.785829829	1.649500662
1.74297066	1.785506309	1.68944772
1.745110024	1.796182465	1.697870292
1.660757946	1.770624393	1.691854169
1.762530562	1.822387577	1.616772952
1.808374083	1.846004529	1.690530622
1.768337408	1.842122291	1.744194441
1.776894866	1.852798447	1.708699314
1.739914425	1.759948237	1.710143184
1.81601467	1.804593983	1.709902539
1.834352078	1.884179877	1.650222597
1.831601467	1.900679392	1.762964746
1.861552567	1.915561307	1.685838046
1.77108802	1.867033323	1.800024064
1.725244499	1.777418311	1.735771869
1.936735941	2.006470398	1.764769582
1.819987775	1.823034617	1.768138611
1.893643032	1.97023617	1.712669955
1.838630807	1.945648657	1.692576104
1.896393643	1.914914267	1.70460835
1.870721271	1.910708509	1.707857057
1.867359413	1.885150437	1.771387318
1.760696822	1.796182465	1.689207075
1.797677262	1.845681009	1.751052822
1.78698044	1.850533808	1.720370593
1.900977995	2.001941119	1.85741788
1.790036675	1.789712067	1.726507039
1.893031785	1.944031058	1.813259536
1.878361858	1.855710126	1.729154133
1.950183374	1.996441281	1.7129106
1.838325183	1.902944031	1.719287691
1.948349633	1.978324167	1.747924437
1.857579462	1.87512132	1.759716039
1.827322738	1.858621805	1.836000481
1.807457213	1.876738919	1.738178318
1.818154034	1.839857651	1.802430514
1.860330073	1.970559689	1.81542534
1.998471883	2.037528308	1.83251113
1.836797066	1.888385636	1.768379256
1.951405868	1.958589453	1.767777644
1.913202934	2.018764154	1.759234749
1.987163814	2.009058557	1.80760438
1.915342298	1.951795535	1.704247383
1.94804401	1.965059851	1.809649862
1.860330073	1.911355548	1.801588257
1.959963325	2.016499515	1.759114427
1.794621027	1.841475251	1.970400674
1.942848411	2.014558395	1.779328601
1.959963325	1.997088321	1.804355673
1.850855746	1.871886121	1.742269282
2.128667482	2.203817535	1.750691854
1.861858191	1.900679392	1.837925641
1.893337408	1.950501456	1.808927927
1.788202934	1.927208023	1.838045963
1.77200489	1.84309285	1.84815305
1.934290954	2.016823035	1.857056913
1.918398533	1.976383048	1.902057514
2.008251834	2.021352313	1.839610155
1.909229829	1.982529926	1.922271688
1.956295844	2.045616305	1.810612441
2.049511002	2.064380459	1.955360366
1.934290954	1.966677451	1.880640116
2.099022005	2.180847622	1.960534232
1.995721271	2.083468133	1.816147275
2.088630807	2.145907473	1.882444952
2.044315403	2.037204788	1.875706894
2.135696822	2.170171466	1.912645891
1.902811736	1.994823682	1.834315967
2.060207824	2.066321579	1.860907231
1.979828851	2.112908444	1.824329202
1.966992665	2.009705597	1.906990735
1.924511002	2.012617276	1.913728793
1.988080685	2.03138143	1.864998195
1.927261614	2.00064704	1.963903261
2.092909535	2.113555484	1.912405246
2.010085575	2.09252669	1.863915293
1.966687042	2.057910061	1.910239442
2.109107579	2.211582012	1.931536518
2.055317848	2.112584924	1.978943569
1.990525672	2.058233581	1.867284322
1.980134474	2.110320285	1.880279148
2.098410758	2.179230023	1.871736253
2.084963325	2.192817858	1.957766815
1.952628362	2.018440634	1.913849116
1.947738386	2	1.913849116
1.959352078	2.005176318	1.930092648
2.109718826	2.149466192	1.921309108
2.070599022	2.131672598	1.944050054
1.995415648	2.074733096	1.893995909
2.016503667	2.122290521	1.910359764
2.0299511	2.120025882	1.893033329
2.092603912	2.146230993	1.988208399
1.99908313	2.0634099	2.010708699
2.034841076	2.06276286	1.913127181
2.005501222	2.090909091	1.902298159
2.109718826	2.197023617	1.939718445
2.172371638	2.260757037	1.970280351
2.032090465	2.126819799	2.008663217
2.062041565	2.113879004	1.943929732
2.077017115	2.097379489	1.990855493
2.13905868	2.152701391	1.91601492
2.179400978	2.225816888	2.063409939
2.125	2.128113879	1.895921068
2.139364303	2.133937237	1.989170978
2.024144254	2.119055322	1.946095536
2.260085575	2.379165319	1.932980387
1.976772616	2.087350372	2.05173866
2.090770171	2.18764154	2.075923475
2.077017115	2.080556454	2.004812899
2.075488998	2.120025882	2.0937312
2.226772616	2.260757037	1.980387438
2.16900978	2.302167583	2.150282758
2.18398533	2.245551601	2.035735772
2.246943765	2.330960854	2.051377692
2.121026895	2.153995471	1.994826134
2.343520782	2.400841152	1.961617134
2.177261614	2.212876092	2.145951149
2.240831296	2.323196377	2.06834316
2.089547677	2.147525073	2.129466971
2.120415648	2.170171466	1.944531344
2.290647922	2.361695244	2.049211888
2.253667482	2.323519896	2.122247624
2.297982885	2.403752831	2.086030562
2.051650367	2.205111614	2.11081699
2.192542787	2.245228082	2.054145109
2.255806846	2.340989971	2.148838888
2.220354523	2.285991588	2.090001203
2.276589242	2.316078939	2.02683191
2.217909535	2.298932384	2.005775478
2.313875306	2.422840505	2.0937312
2.256723716	2.322225817	2.233425581
2.160452323	2.176318344	2.054265431
2.186735941	2.220640569	2.160991457
2.240831296	2.316402459	2.087835399
2.419621027	2.483015205	2.138250511
2.180929095	2.1869945	2.179882084
2.349022005	2.434487221	2.115750211
2.205684597	2.274021352	2.132354711
2.280562347	2.410546749	2.183491758
2.36002445	2.393076674	2.178558537
2.233190709	2.295373665	2.13524245
2.265586797	2.37495956	1.904223318
2.307457213	2.34260757	2.181927566
2.362163814	2.472339049	2.16700758
2.329156479	2.322225817	2.197328841
2.035452323	2.078615335	2.241487186
2.339242054	2.414428987	2.046324149
2.329462103	2.403105791	2.163758874
2.356051345	2.465221611	2.239802671
2.504889976	2.535425429	2.233545903
2.204767726	2.274021352	2.182769823
2.312958435	2.423811064	2.119359884
2.369804401	2.474280168	2.265190711
2.429095355	2.492720802	2.174106606
2.319987775	2.397605953	2.290578751
2.278422983	2.318343578	2.15280953
2.415953545	2.442898738	2.157261461
2.400672372	2.43836946	2.184334015
2.438569682	2.546748625	2.26073878
2.335880196	2.409899709	2.310191313
2.33190709	2.434487221	2.131151486
2.364914425	2.466839211	2.140536638
2.371332518	2.461015852	2.182529178
2.49205379	2.56227758	2.329202262
2.216381418	2.364283403	2.307183251
2.248471883	2.316402459	2.29250391
2.287897311	2.366548043	2.250631693
2.503361858	2.649951472	2.199975936
2.401283619	2.503073439	2.298881001
2.463630807	2.537043028	2.23535074
2.358496333	2.450986736	2.287330045
2.391198044	2.389841475	2.306461316
2.457823961	2.570689097	2.331729034
2.30103912	2.426399224	2.301528095
2.370721271	2.43642834	2.255444592
2.456601467	2.537043028	2.230297196
2.489608802	2.604982206	2.334737095
2.417176039	2.566483339	2.352905788
2.47096577	2.475897768	2.312357117
2.407090465	2.484632805	2.347250632
2.525061125	2.591394371	2.287931657
2.520171149	2.607246846	2.392612201
2.494193154	2.579424135	2.294308747
2.451711491	2.600776448	2.441944411
2.482579462	2.564542219	2.223438816
2.646393643	2.691038499	2.456623752
2.456295844	2.575541896	2.296474552
2.593826406	2.692656098	2.489231139
2.371332518	2.480103526	2.369028998
2.702017115	2.783565189	2.41210444
2.452322738	2.491750243	2.37059319
2.642726161	2.824975736	2.429310552
2.5	2.549660304	2.42822765
2.574877751	2.728890327	2.519311756
2.584352078	2.640245875	2.44386957
2.618581907	2.683597541	2.492239201
2.704767726	2.683597541	2.319095175
2.729217604	2.770624393	2.426302491
2.561430318	2.703655775	2.419083143
2.66809291	2.78162407	2.536397545
2.421149144	2.564865739	2.434364096
2.671149144	2.753477839	2.435086031
2.566320293	2.676480104	2.47070148
2.713325183	2.87512132	2.567561064
2.622555012	2.695244258	2.50342919
2.681234719	2.734066645	2.513776922
2.667787286	2.78032999	2.499699194
2.817848411	2.892267874	2.472626639
2.644559902	2.71724361	2.510889183
2.679706601	2.779359431	2.550836241
2.703239609	2.727596247	2.583804596
2.657701711	2.747007441	2.526531103
2.716381418	2.808799741	2.418842498
2.815709046	2.868974442	2.655396463
2.771393643	2.840828211	2.450607628
2.643643032	2.777741831	2.557574299
2.559596577	2.65642187	2.568643966
2.852383863	2.992882562	2.56984719
2.594437653	2.684568101	2.601371676
2.726772616	2.820769977	2.570208158
2.78698044	2.884826917	2.591986524
2.786369193	2.895503073	2.504752737
2.773227384	2.87609188	2.582601372
2.826711491	2.840504691	2.58055589
2.798899756	2.930443222	2.593189749
2.742359413	2.739566483	2.726386716
2.779339853	2.887415076	2.513536277
2.790953545	2.940148819	2.58151847
2.812041565	2.869297962	2.625556491
2.897616137	3.027822711	2.558175911
2.768948655	2.917825946	2.730357358
2.775366748	2.884179877	2.586812658
2.833129584	3.006146878	2.536277223
2.712102689	2.871562601	2.651546144
3.010085575	3.09414429	2.541330766
2.793398533	2.904561631	2.641318734
2.769559902	2.855710126	2.658765492
2.817542787	2.989323843	2.62206714
2.719743276	2.857327726	2.637468415
2.825794621	2.924296344	2.737215738
2.848410758	2.995794241	2.716279629
2.801650367	2.950177936	2.652990013
2.837102689	2.93626658	2.67922031
2.930012225	3.072791977	2.675730959
2.968215159	3	2.760558296
2.915953545	3.010676157	2.683431597
2.91106357	3.026205112	2.699554807
2.878667482	2.956324814	2.732523162
2.925427873	3.049822064	2.755023463
2.886613692	2.945972177	2.725785104
2.944987775	3.09511485	2.701479966
2.932762836	3.072144937	2.724220912
2.972493888	3.132966677	2.796053423
2.929095355	2.995794241	2.710624474
2.860635697	2.977677127	2.685838046
2.886308068	3.038822388	2.762964746
3.086491443	3.150760272	2.840933702
2.863691932	3.03008735	2.878594634
2.846882641	2.986735684	2.833112742
2.989608802	3.12455516	2.781855372
3.020171149	3.151407312	2.786427626
3.133557457	3.208993853	2.848393695
3.075183374	3.143966354	2.854891108
3.000305623	3.074733096	2.824810492
3.025672372	3.087997412	2.921670076
3.090464548	3.215140731	2.751293466
3.131723716	3.214170171	2.88088076
3.077017115	3.164671627	2.668511611
3.172677262	3.259786477	2.846107568
2.977383863	3.012293756	3.032126098
3.087713936	3.202523455	2.857177235
2.923288509	3.002911679	2.803513416
3.084046455	3.215464251	2.962339069
3.267726161	3.450663216	2.84863434
3.023533007	3.179230023	2.942485862
3.030867971	3.142672274	2.900733967
3.210574572	3.300549984	2.992419685
2.988997555	3.115820123	3.040909638
3.244804401	3.295373665	2.84033209
3.138753056	3.236493044	2.875225605
3.203850856	3.364930443	2.911322344
3.344437653	3.46910385	2.854530141
3.028422983	3.1886121	2.896041391
3.090158924	3.195082498	2.918541692
3.145782396	3.301520544	2.913608471
3.027506112	3.096408929	2.921549753
3.098410758	3.252992559	3.035374804
3.225855746	3.275962472	2.98483937
3.187652812	3.247169201	2.918662014
3.178789731	3.278227111	2.886295271
3.298594132	3.415399547	2.934664902
3.255806846	3.356842446	2.994585489
3.16992665	3.321255257	3.025027073
3.044315403	3.15496603	2.990494525
3.158007335	3.275638952	3.065816388
3.218520782	3.369459722	2.905667188
3.237469438	3.439987059	3.088557334
3.203239609	3.332901973	3.088677656
3.339242054	3.43610482	3.073276381
3.142420538	3.235522485	3.006497413
3.366442543	3.471368489	2.940560703
3.41198044	3.503720479	3.073517026
3.347493888	3.459074733	2.939718445
3.271393643	3.473956648	3.01564192
3.170537897	3.235522485	3.027794489
3.312958435	3.497250081	3.052219949
3.245721271	3.384988677	3.183371435
3.284841076	3.410223229	2.953435206
3.32396088	3.456810094	3.254121044
3.333740831	3.493691362	3.099747323
3.506723716	3.68683274	3.05715317
3.224022005	3.353283727	3.172181446
3.560819071	3.743448722	3.040308026
3.397310513	3.556777742	3.08542895
3.287286064	3.365901003	3.06882445
3.494498778	3.621158201	3.143905667
3.217603912	3.357489486	3.163036939
3.329462103	3.535101909	3.127180845
3.332823961	3.459074733	3.138972446
3.41198044	3.536072468	3.176874022
3.441625917	3.516661275	3.256527494
3.358496333	3.535748949	3.138972446
3.42603912	3.612746684	3.237877512
3.54309291	3.613717244	3.224882686
3.510696822	3.722096409	3.206232704
3.41900978	3.539307667	3.23438816
3.469743276	3.65706891	3.173144026
3.578545232	3.71983177	3.162194682
3.494804401	3.564542219	3.224160751
3.566320293	3.628275639	3.15280953
3.425427873	3.576188936	3.357598364
3.422371638	3.564542219	3.219107207
3.557457213	3.690391459	3.330525809
3.430623472	3.579424135	3.245698472
3.685819071	3.824328696	3.288533269
3.506418093	3.692656098	3.276621345
3.739914425	3.880944678	3.356154494
3.532701711	3.740860563	3.338828059
3.593826406	3.733096085	3.382986404
3.525977995	3.695567777	3.233184936
3.654645477	3.804917502	3.236433642
3.661674817	3.847622129	3.47118277
3.676650367	3.894208994	3.456262784
3.492665037	3.658362989	3.447840212
3.585268949	3.670980265	3.395860907
3.818459658	3.929472663	3.487666947
3.740220049	3.904238111	3.412465407
3.799205379	3.981235846	3.559258814
3.671454768	3.878032999	3.526651426
3.803789731	4.040116467	3.505113705
3.674205379	3.855386606	3.551919143
3.910757946	4.088644452	3.457947299
3.902811736	4.042704626	3.35988449
3.841687042	4.059204141	3.503188545
3.922066015	4.104496927	3.553964625
3.746943765	3.940795859	3.471904705
3.717909535	3.857004206	3.56984719
3.827017115	3.981235846	3.501022741
3.882334963	4.15723067	3.62206714
3.758251834	3.93788418	3.587053303
3.923594132	4.036557748	3.543255926
3.788508557	4.008087997	3.684153531
3.952017115	4.135878357	3.696907713
3.92603912	4.104820446	3.609433281
3.8450489	4.047880945	3.611117796
4.118276284	4.229052087	3.668391289
4.120110024	4.309608541	3.681867405
4.009168704	4.147525073	3.777162796
3.891503667	4.115173083	3.697148358
4.00702934	4.172112585	3.733967032
4.107885086	4.241992883	3.729274456
4.145171149	4.308637981	3.74070509
4.024144254	4.152054351	3.942726507
4.058679707	4.241992883	3.763927325
4.162286064	4.308637981	3.812537601
4.026894866	4.235198965	3.7900373
4.378361858	4.584276933	3.691011912
4.134474328	4.380135878	3.774636025
4.072738386	4.296667745	3.88328721
4.156173594	4.28146231	3.811334376
4.075488998	4.273697832	3.893634942
4.114914425	4.291491427	3.898568163
4.26405868	4.401164672	3.838647575
4.174511002	4.442575218	3.759595717
4.264364303	4.504367519	3.919143304
4.238386308	4.441928179	3.709782216
4.204462103	4.411193788	3.941162315
4.056234719	4.332578454	3.954277464
4.308679707	4.49886768	4.011310312
4.109413203	4.228728567	3.913127181
4.357579462	4.525396312	4.058837685
4.33801956	4.609835005	4.025628685
4.403728606	4.591717891	4.108530863
4.363691932	4.575218376	3.95704488
4.553789731	4.652863151	3.968836482
4.414731051	4.573277257	4.009505475
4.599022005	4.824652216	4.005173866
4.351466993	4.551924943	4.032126098
4.351772616	4.582982853	4.088797979
4.430623472	4.604011647	4.018770304
4.431540342	4.637981236	4.089279268
4.475550122	4.648010353	4.174587896
4.470354523	4.554189583	4.247864276
4.367665037	4.651569071	4.156900493
4.502750611	4.682950501	4.130790519
4.629584352	4.890003235	4.264107809
4.726772616	4.927208023	4.183973048
4.503361858	4.720802329	4.417278306
4.532701711	4.820769977	4.258933943
4.722493888	4.882562278	4.527614006
4.674816626	4.853445487	4.067982192
4.903117359	5.193141378	4.213091084
4.73502445	4.881915238	4.190831428
4.926650367	5.246845681	4.396943809
4.445293399	4.607246846	4.450607628
4.652811736	4.838240052	4.342317411
4.590158924	4.799741184	4.298760679
4.915036675	5.116143643	4.247864276
4.944987775	5.255257198	4.430995067
4.796149144	5.043675186	4.422572494
4.737775061	4.979618247	4.528215618
4.842298289	4.898091233	4.36084707
4.951711491	5.160465869	4.557935267
4.921760391	5.129731478	4.363734809
5.02200489	5.21967001	4.395740585
4.785757946	5.043998706	4.691132234
5.08099022	5.286962148	4.442064733
4.855745721	5.120025882	4.639513897
4.80195599	5.02976383	4.416436049
5.235330073	5.479456487	4.460233426
5.007640587	5.165642187	4.53711948
5.182762836	5.403105791	4.33642161
4.899449878	5.173083145	4.662736133
4.960268949	5.183112261	4.467573096
5.069376528	5.285344549	4.448321502
4.787897311	5.145583953	4.514980147
5.296454768	5.461986412	4.630128745
4.943154034	5.193464898	4.678257731
4.834046455	5.049175024	4.463000842
5.009779951	5.252345519	4.726988329
5.148838631	5.382076998	4.520394658
5.168704156	5.527337431	4.639513897
5.056845966	5.324490456	4.541571411
5.180317848	5.526690391	4.681987727
4.945599022	5.309285021	4.808927927
5.142726161	5.404076351	4.56154494
4.977689487	5.211582012	4.666466129
5.195599022	5.512455516	4.587534593
5.396699267	5.713684892	4.618938756
5.025366748	5.351666127	4.841174347
5.22799511	5.502102879	4.924196848
5.099022005	5.377547719	4.90675009
5.10207824	5.422840505	4.745517988
5.371026895	5.674862504	4.627601973
5.542176039	5.74991912	4.885693659
5.559596577	5.758977677	4.60450006
5.200488998	5.56130702	4.945253279
5.101161369	5.422516985	4.744675731
5.397616137	5.771918473	4.723017687
5.140892421	5.397282433	4.885212369
5.563875306	5.778065351	4.678137408
5.307762836	5.556130702	4.957405848
5.239303178	5.551924943	4.871495608
5.457518337	5.790035587	4.930814583
5.254584352	5.49854416	4.946576826
5.604523227	5.871562601	4.891348815
5.507334963	5.769977354	4.874623992
5.516198044	5.772889033	4.9062688
5.582212714	5.859268845	4.953435206
5.546149144	5.860886445	4.92479846
5.492359413	5.726949207	4.999398388
5.564792176	5.817858298	4.84081338
5.569070905	5.841151731	4.957766815
5.612775061	5.84244581	5.189387559
5.622860636	5.90488515	4.819877271
5.444376528	5.716920091	4.759475394
5.600550122	5.949530896	4.916736855
5.877444988	6.21902297	5.20310432
5.41106357	5.630540278	5.040668993
5.366136919	5.675509544	5.161713392
5.516809291	5.865739243	5.06004091
5.962408313	6.269815594	5.21092528
5.673594132	5.96861857	4.942606185
5.898533007	6.127466839	5.071832511
5.660757946	5.956971854	5.03465287
5.971577017	6.256551278	4.887979786
5.550733496	5.865415723	5.238479124
5.731356968	6.166612747	5.099025388
5.70599022	5.93626658	5.307062929
5.481662592	5.81171142	5.222115269
5.900366748	6.252669039	5.048008663
5.753973105	6.086056292	5.225484298
6.109413203	6.423811064	5.024786428
5.894559902	6.116143643	5.441342799
5.596271394	5.912649628	5.234508483
5.908618582	6.24943384	5.220551077
5.693459658	6.025558072	5.325351943
6.286674817	6.510190877	5.271928769
5.953545232	6.276609511	5.346649019
5.903422983	6.301197024	5.450006016
6.063875306	6.43869298	5.135483095
5.943765281	6.345519249	5.241848153
6.063875306	6.446133937	5.308867766
6.239608802	6.473956648	5.401395741
5.892114914	6.206405694	5.414390567
5.937652812	6.283726949	5.458548911
6.055929095	6.441928179	5.272049092
6.129584352	6.403429311	5.624232944
6.16809291	6.512131996	5.349055469
6.074572127	6.479132967	5.585609433
5.979828851	6.308961501	5.417879918
6.331295844	6.78000647	5.512573698
6.125305623	6.439340019	5.536036578
6.337408313	6.769330314	5.400433161
6.140892421	6.574247816	5.557213332
6.315709046	6.697508897	5.651305499
6.316320293	6.6878033	5.66454097
6.275672372	6.542219346	5.504271447
6.430012225	6.736978324	5.565756227
6.467909535	6.852474927	5.746480568
6.49908313	6.791329667	5.929731681
6.293398533	6.62568748	6.029358681
6.393948655	6.796829505	5.636144868
6.539119804	6.883532837	5.660931296
6.744193154	7.087350372	5.931055228
6.814792176	7.334843093	5.876188184
6.452933985	6.823358137	5.927325232
6.489303178	6.84276933	5.809649862
6.819070905	7.409899709	5.757550235
6.758557457	7.131996118	6.09276862
6.731968215	7.166612747	5.911683311
6.724938875	7.140407635	5.987005174
6.569070905	6.994176642	6.006617736
7.037286064	7.507602718	5.7900373
6.82396088	7.099320608	6.013476116
6.769254279	7.330313814	5.873420768
6.908312958	7.292461986	6.041390928
6.586185819	7.036881268	6.149079533
6.89792176	7.230022646	6.13427987
6.690709046	7.090909091	6.276260378
6.872555012	7.335490133	6.203946577
7.128361858	7.477838887	6.033569968
7.084657702	7.518278874	6.285886175
7.256112469	7.713361372	6.16941403
7.041259169	7.512779036	6.240885573
6.932457213	7.229699127	6.107327638
7.27200489	7.676156584	6.417759596
7.067542787	7.478162407	6.46239923
7.266198044	7.798447105	6.689808687
7.023227384	7.394047234	6.309228733
7.453850856	7.903914591	6.439537962
7.616442543	7.881915238	6.434965708
7.839547677	8.301844063	6.266754903
7.239914425	7.772241993	6.683311274
7.30103912	7.763183436	6.64011551
7.421149144	7.802976383	6.767176032
7.090158924	7.496926561	6.746360245
7.694987775	8.167583306	6.691252557
7.63294621	8.070203818	6.916375887
7.751528117	8.259786477	6.845144989
7.769559902	8.185700421	6.730838648
7.745721271	8.324166936	7.062327036
8.026894866	8.456163054	6.621706173
7.899449878	8.380135878	6.971844543
7.739303178	8.286638628	6.627601973
8.126222494	8.566806859	6.911442666
7.75702934	8.128760919	7.148959211
8.033312958	8.515043675	6.810732764
7.588630807	8.082174054	7.094573457
7.967603912	8.395664833	7.150764048
8.260085575	8.810417341	7.084346047
7.944682152	8.295373665	7.329803874
8.165647922	8.668392106	6.894477199
8.233801956	8.638304756	7.357839009
8.189792176	8.731154966	7.180724341
8.579462103	9.02976383	7.491637589
7.906479218	8.357813006	7.408855733
8.604828851	9.100291168	7.218986885
8.241748166	8.78130055	7.114426663
8.850855746	9.271433193	7.412465407
8.608801956	8.956001294	7.187703044
8.2799511	8.820769977	7.58055589
8.260085575	8.712067292	7.534111419
8.603606357	9.109996765	7.365659969
8.207823961	8.681656422	7.550475274
8.696210269	9.266903915	7.712188666
8.584657702	9.146554513	7.527614006
8.481968215	9.089615011	7.667067742
8.806234719	9.233581365	7.504271447
8.903117359	9.340019411	7.852484659
8.642114914	9.133937237	7.799181807
8.857273839	9.350048528	7.681506437
8.717909535	9.179230023	8.191553363
9.064486553	9.724361048	7.719648658
8.903117359	9.46813329	8.207074961
8.934290954	9.604982206	8.178799182
9.598410758	10.11452604	7.853808206
9.034535452	9.557101262	8.386355433
9.468520782	10.15626011	7.818794369
9.390892421	9.877709479	8.071351221
9.18398533	9.666774507	8.087113464
9.833129584	10.42866386	8.193719167
9.11094132	9.685215141	8.433281194
9.365831296	9.933678421	8.251353628
9.323349633	9.819799418	8.363253519
9.523227384	10.08540925	8.506196607
9.848410758	10.46845681	8.327277103
9.492359413	10.05273374	8.661773553
9.569987775	10.17470074	8.464805679
9.836185819	10.45519249	8.770063771
9.607273839	10.08443869	8.522921429
10.0898533	10.69945002	8.304415834
9.774755501	10.26463928	8.334255806
10.22952323	10.87512132	8.395620262
9.757640587	10.40795859	8.62110456
9.585574572	10.05564542	8.879436891
9.591687042	10.12455516	8.768499579
9.688875306	10.33128437	8.608711346
9.916564792	10.56971854	8.604259415
10.27567237	10.89162083	8.858741427
10.19162592	10.82529926	8.861508844
9.951405868	10.53219023	9.109974732
9.890892421	10.46198641	8.870533029
10.22677262	10.9365901	8.645289376
10.06845966	10.64283403	8.682348695
10.58007335	11.12293756	8.823486945
10.26803178	10.84018117	9.223438816
9.908312958	10.44936914	8.96486584
9.971271394	10.60207053	8.945012634
10.16106357	10.68747978	8.89207075
10.61613692	11.29537367	8.725664782
10.38050122	11.02102879	8.94922392
10.26680929	10.92591394	9.088557334
10.2903423	10.88062116	8.942606185
10.06081907	10.71724361	9.137047287
10.35391198	10.89809123	9.070147997
10.51283619	11.18505338	9.334135483
10.39211491	10.86476868	9.202382385
10.62561125	11.14299579	9.126097942
10.46546455	11.04108703	9.198532066
10.71210269	11.39081203	8.915774275
10.72707824	11.36784212	9.363133197
10.48746944	11.05338078	9.272289736
10.66564792	11.46166289	9.02683191
10.31020782	10.96247169	9.15184695
10.76466993	11.38498868	8.894597521
10.77231051	11.33419605	9.259415233
10.45293399	11.05596894	9.197088196
10.52567237	11.14720155	9.2704849
10.25458435	10.83694597	9.60642522
10.67023227	11.30863798	9.314402599
10.65953545	11.30184406	9.283239081
10.74358191	11.37172436	9.142702443
11.07365526	11.81429958	9.161593069
10.72493888	11.35457781	9.283359403
10.72127139	11.35490133	9.338948382
10.58374083	11.10287933	9.108771508
10.57365526	11.21869945	9.294549392
10.76130807	11.36040116	9.159547588
10.83740831	11.38822388	9.462158585
10.44223716	11.06405694	9.259655878
10.60819071	11.32416694	9.327036458
10.58557457	11.23228729	9.115629888
10.94712714	11.4943384	9.307544219
10.73380196	11.38272404	9.224040428
10.80501222	11.35490133	9.440500541
10.46332518	11.03299903	9.146552761
10.6849022	11.21934649	9.318493563
10.49969438	11.16175995	9.030080616
10.7643643	11.43966354	9.275177476
10.60849633	11.2471692	9.42822765
10.74144254	11.34098997	9.168090483
10.33618582	10.97282433	9.242931055
10.724022	11.24975736	8.821561786
10.79859413	11.51892591	9.107207316
10.59779951	11.1934649	8.836481771
10.56998778	11.21417017	9.010949344
10.12652812	10.72371401	8.977499699
10.39944988	11.1187318	8.834676934
9.959963325	10.54060175	8.903140416
10.39914425	10.81332902	9.229334617
10.18734719	10.83888709	8.751654434
10.13997555	10.71012617	9.015401275
10.20323961	10.75218376	8.85597401
10.48410758	11.22225817	8.732282517
9.954156479	10.57489486	8.937552641
10.31540342	10.91103203	8.402237998
10.23349633	10.69297962	8.702923836
9.937958435	10.50986736	8.745517988
10.33007335	10.90391459	8.550595596
9.593520782	10.15076027	9.088316689
10.08649144	10.54157231	8.836842739
9.979828851	10.54901326	9.284803273
9.711185819	10.22678745	9.154373722
10.43795844	10.92300226	8.894116232
10.01008557	10.63927532	8.895078811
10.61827628	11.23487544	8.520274335
10.49633252	11.07861533	8.442906991
10.09841076	10.71821417	8.391168331
10.09596577	10.74830152	8.10985441
9.507334963	10.13361372	8.24269041
9.677872861	10.28049175	8.109613765
9.463630807	10.09543837	7.918180724
9.086797066	9.690391459	7.842257249
9.385085575	9.90779683	8.108169895
9.134168704	9.626658039	8.141017928
9.08801956	9.549660304	8.071471544
8.842603912	9.351019088	8.025989652
9.058374083	9.685538661	7.964384551
9.282396088	9.835975412	8.443267958
9.114608802	9.568424458	8.171820479
9.151283619	9.619540602	8.164480809
8.947432763	9.420899385	7.877752376
9.60207824	10.19961178	7.913849116
9.276283619	9.741184083	8.313079052
9.36797066	9.808152701	7.58789556
8.853300733	9.376577159	7.462038263
8.935207824	9.390164995	7.889784623
9.403728606	9.909414429	8.495006618
8.486552567	8.872856681	9.231380099
8.459657702	8.997088321	8.84129467
8.894254279	9.424781624	7.772710865
9.592298288	10.13426076	7.437131512
10.45935208	11.0145584	7.675490314
10.17512225	10.68068586	8.305619059
8.692542787	9.159171789	8.117434725
8.384168704	8.869945002	7.556972687
8.825488998	9.215787771	7.68944772
9.346577017	9.864768683	7.630971002
9.303789731	9.711420252	7.654433883
8.554095355	9.03105791	7.152207917
8.69896088	9.149466192	7.325111298
8.531784841	9.079909414	7.15918662
8.549511002	9.013911356	7.061605102
8.028422983	8.539954707	7.216099146
8.197738386	8.676480104	7.274094573
8.157701711	8.519572954	7.336541932
8.044315403	8.371724361	7.207435928
8.127444988	8.548042705	7.272650704
8.168398533	8.584276933	6.968355192
8.220660147	8.792623746	7.272530381
8.107885086	8.543189906	7.314643244
8.19101467	8.608217405	7.172061124
7.884168704	8.253639599	7.010588377
8.270476773	8.642510514	6.850679822
8.291870416	8.695244258	6.988689688
8.069376528	8.449045616	7.044398989
7.84596577	8.285668069	6.934905547
7.702628362	8.074733096	6.707736734
7.743276284	8.204788094	6.582120082
7.953850856	8.383371077	6.636024546
7.777811736	8.211582012	6.59716039
7.489608802	7.903267551	6.694982553
7.391198044	7.75088968	6.601852966
7.421149144	7.735360725	6.583443629
7.273838631	7.725978648	6.594272651
7.518643032	7.887415076	6.400072193
7.376833741	7.770624393	6.507399832
7.290953545	7.724361048	6.1601492
7.393031785	7.762212876	6.380820599
7.170232274	7.497573601	6.194200457
7.301344743	7.765448075	6.165202743
6.858190709	7.299579424	5.817952112
7.077933985	7.418958266	5.678979666
6.964547677	7.262698156	5.667549031
6.900672372	7.229699127	5.778245698
6.412286064	6.908443869	5.583684274
6.239303178	6.606599806	5.734207677
6.259168704	6.580718214	5.549873661
6.471882641	6.806858622	5.590783299
6.143337408	6.644775154	5.325351943
6.349633252	6.675833064	5.40380219
6.10391198	6.508896797	5.379978342
6.213325183	6.476544808	5.432198291
5.86797066	6.244581042	5.246300084
5.925733496	6.292461986	5.279027794
6.001833741	6.216111291	4.998676453
6.045843521	6.296991265	4.903862351
5.752444988	6.06114526	4.934183612
5.887836186	6.24911032	4.90675009
5.481968215	5.777094791	4.904945253
5.403422983	5.683921061	4.762844423
5.477689487	5.771594953	4.882685597
5.374694377	5.665480427	4.749608952
5.462102689	5.734390165	4.696426423
5.24205379	5.514396635	4.727349296
5.440709046	5.777741831	4.567440741
5.250305623	5.546101585	4.59523523
5.128973105	5.514073116	4.513295632
5.241748166	5.50145584	4.264348454
4.993581907	5.223875768	4.336180965
5.089547677	5.336137172	4.21730237
5.011613692	5.318020058	4.323667429
4.678178484	4.879327079	4.339910961
4.811124694	5.009705597	4.107808928
4.659535452	4.849563248	4.298520034
4.801650367	4.961501132	4.337745157
4.700183374	5	4.121525689
4.493276284	4.713037852	4.053302852
4.71301956	4.967000971	3.99951871
4.765281174	4.996117761	4.123571171
4.520476773	4.768683274	3.932739743
4.441320293	4.724037528	3.948862953
4.376528117	4.559689421	3.826615329
4.590464548	4.756389518	3.797016003
4.356051345	4.519249434	3.872337865
4.391503667	4.471368489	3.781975695
4.119498778	4.325137496	3.788232463
4.206295844	4.391459075	3.687642883
4.188875306	4.417017147	3.630971002
4.119804401	4.273374313	3.777162796
4.119804401	4.308314461	3.591264589
4.05195599	4.162406988	3.506798219
3.969743276	4.145260434	3.476356636
4.169621027	4.337107732	3.533148839
3.898227384	4.120025882	3.477439538
3.817237164	3.971853769	3.431356034
3.840464548	3.991264963	3.425821201
3.825794621	3.985765125	3.460714715
3.766809291	3.891944355	3.416436049
3.761919315	3.849886768	3.400072193
3.714853301	3.882238758	3.431837324
3.692848411	3.927855063	3.367344483
3.664119804	3.852798447	3.317530983
3.634779951	3.818828858	3.271206834
3.839853301	3.972177289	3.28612682
3.642420538	3.849239728	3.211887859
3.657396088	3.768036234	3.304295512
3.535757946	3.681656422	3.27589941
3.512224939	3.740537043	3.162796294
3.501833741	3.673244905	3.200457225
3.547371638	3.716596571	3.205029479
3.557457213	3.75056616	3.253519432
3.401589242	3.506308638	3.329563229
3.484107579	3.59527661	3.037059319
3.471271394	3.604982206	3.124774395
3.565403423	3.730831446	3.14450728
3.560819071	3.834357813	3.257129106
3.276589242	3.434487221	3.106244736
3.451711491	3.574894856	2.997232583
3.349938875	3.607246846	3.02635062
3.547371638	3.681009382	3.017326435
3.354828851	3.477838887	3.12597762
3.28606357	3.326431576	3.130790519
3.283924205	3.418311226	2.993863554
3.237469438	3.427369783	2.964745518
3.370415648	3.568424458	3.003850319
3.37408313	3.519572954	3.031043196
3.257640587	3.363312844	2.985681627
3.157090465	3.28243287	2.982312598
3.200794621	3.320931737	2.946697148
3.27292176	3.409576189	3.157020816
3.148533007	3.309932061	3.081217663
3.193459658	3.297638305	3.125135363
3.171760391	3.315108379	2.971002286
3.390892421	3.542542866	2.932980387
3.387836186	3.486897444	2.977860667
3.341075795	3.458427693	2.916375887
3.185819071	3.321255257	2.953916496
3.1549511	3.263345196	2.987005174
3.164731051	3.339695891	2.919865239
3.080378973	3.210611453	3.010949344
3.180012225	3.200582336	2.980387438
3.170843521	3.332901973	2.965467453
3.166564792	3.302814623	2.996871616
3.197432763	3.326108056	2.996270004
3.175427873	3.34422517	2.926843942
3.160757946	3.233904885	3.006738058
3.210880196	3.299255904	2.987847431
3.228606357	3.307667422	3.006377091
3.181845966	3.317373018	3.123330526
3.178178484	3.301197024	3.000721935
3.222188264	3.283726949	2.998074841
3.160452323	3.28243287	2.936710384
3.314180929	3.487220964	3.118878595
3.273227384	3.379165319	2.987967754
3.219437653	3.326431576	2.930453616
3.16900978	3.296020705	2.983756467
3.355440098	3.46878033	2.997834196
3.157396088	3.255904238	3.071351221
3.079462103	3.169524426	3.014919986
3.230134474	3.323196377	3.003128384
3.193765281	3.277580071	3.024786428
3.25702934	3.353607247	2.985200337
3.194376528	3.371400841	3.090001203
3.260085575	3.347783889	3.065094453
3.252444988	3.466839211	2.98435808
3.153728606	3.269815594	3.111659247
3.357273839	3.351989647	3.040308026
3.218826406	3.362665804	3.043195765
3.16106357	3.266580395	3.122127301
3.321210269	3.400841152	3.072554446
3.307457213	3.389841475	3.094693779
3.251528117	3.362665804	3.129827939
3.335880196	3.450339696	3.240163639
3.281479218	3.376577159	3.196125617
3.250305623	3.427046263	3.130790519
3.294315403	3.434810741	3.229815907
3.489608802	3.605952766	3.284803273
3.382334963	3.515690715	3.174587896
3.326711491	3.429310903	3.287330045
3.468520782	3.565836299	3.216099146
3.531173594	3.600129408	3.201299483
3.367665037	3.461339372	3.214294309
3.540647922	3.62568748	3.189146914
3.409841076	3.540925267	3.191192396
3.395171149	3.522484633	3.190711106
3.451405868	3.515043675	3.303573577
3.346577017	3.470397929	3.170978222
3.454767726	3.457457134	3.397064132
3.371332518	3.450986736	3.213933341
3.480440098	3.587188612	3.36229094
3.428789731	3.488838564	3.299843581
3.621943765	3.819475898	3.238479124
3.399144254	3.494985442	3.311635182
3.568154034	3.664509867	3.286006497
3.43398533	3.533484309	3.307423896
3.393031785	3.536719508	3.37059319
3.581295844	3.584923973	3.234749128
3.490220049	3.523131673	3.357357719
3.560819071	3.658039469	3.233786548
3.635391198	3.791653187	3.325833233
3.489914425	3.46942737	3.380459632
3.537897311	3.699126496	3.466249549
3.366442543	3.43869298	3.424257009
3.550733496	3.583306373	3.324148719
3.672677262	3.685215141	3.387077367
3.688264059	3.818181818	3.239080736
3.623777506	3.743448722	3.350860306
3.512224939	3.609835005	3.256527494
3.522310513	3.620511161	3.379015762
3.422677262	3.513426076	3.275779088
3.61094132	3.637657716	3.281795211
3.418704156	3.508896797	3.346047407
3.657701711	3.705596894	3.21140657
3.466075795	3.56130702	3.353387077
3.472799511	3.53089615	3.312958729
3.540953545	3.669362666	3.258693298
3.431234719	3.497250081	3.27589941
3.621026895	3.670980265	3.238719769
3.498777506	3.613070204	3.329924197
3.531784841	3.610482045	3.245217182
3.429706601	3.540278227	3.218866562
3.417176039	3.50113232	3.18649982
3.527811736	3.617275962	3.216941403
3.329156479	3.502426399	3.227168812
3.39792176	3.538984148	3.2265672
3.347493888	3.427369783	3.214173986
3.445293399	3.502102879	3.152207917
3.438264059	3.520543513	3.139935026
3.487775061	3.607246846	3.205871736
3.385391198	3.472986089	3.094453134
3.355134474	3.417664186	3.140536638
3.339547677	3.424781624	3.056551558
3.388447433	3.40504691	3.117916015
3.239608802	3.31284374	3.154373722
3.356356968	3.378194759	3.04933221
3.25	3.328372695	3.051377692
3.321821516	3.43610482	3.136084707
3.34596577	3.412487868	3.001203225
3.215158924	3.2487868	2.998435808
3.266503667	3.3138143	3.021778366
3.343215159	3.432222582	3.012754181
3.16992665	3.309932061	3.107568283
3.222799511	3.326755095	2.987967754
3.186735941	3.329666775	2.868246902
3.209352078	3.236816564	2.982553243
3.216992665	3.415399547	2.792082782
3.140892421	3.213199612	2.9228733
3.0599022	3.12455516	2.973890025
3.170537897	3.267550954	2.865599807
2.937041565	2.965059851	2.943328119
3.136613692	3.221287609	2.86668271
3.184290954	3.266256875	2.963903261
3.004889976	3.032999029	2.868126579
3.167481663	3.25008088	2.810251474
3.061430318	3.126819799	2.860786909
3.201405868	3.305079262	2.724341235
3.113080685	3.176641863	2.754542173
3.020171149	3.056615982	2.809048249
3.039731051	3.146878033	2.69774997
2.924511002	3.03202847	2.752857659
2.911674817	2.959883533	2.720490916
2.993887531	3.036881268	2.746961858
2.877139364	2.923002265	2.733846709
2.862469438	2.971853769	2.75538443
2.886919315	2.910061469	2.675009024
2.942848411	2.99870592	2.685116111
2.910146699	2.96732449	2.651907111
2.890892421	2.949207376	2.620141981
2.825488998	2.867356842	2.584406209
2.767114914	2.892591394	2.644447118
2.820293399	2.882238758	2.733004452
2.697432763	2.84373989	2.607869089
2.697432763	2.827563895	2.658284202
2.83099022	2.886768036	2.554566238
3.007640587	3.028793271	2.535073998
2.765281174	2.835004853	2.591384912
2.788814181	2.894856034	2.561785585
2.74297066	2.75024264	2.577547828
2.700794621	2.731154966	2.506196607
2.781784841	2.87415076	2.567801709
2.725244499	2.81203494	2.498977259
2.724633252	2.804593983	2.564192035
2.712408313	2.721125849	2.49657081
2.722799511	2.833710773	2.532787872
2.664731051	2.709479133	2.543135603
2.71393643	2.805888062	2.522680784
2.606051345	2.693950178	2.427024425
2.666259169	2.771918473	2.497653712
2.66809291	2.71756713	2.50391048
2.658618582	2.703655775	2.598965227
2.573655257	2.646716273	2.426663458
2.656784841	2.725008088	2.42726507
2.612775061	2.703979295	2.449645049
2.725550122	2.767712714	2.417157983
2.614914425	2.680362342	2.403080255
2.554095355	2.715302491	2.3535074
2.584046455	2.629893238	2.430995067
2.567848411	2.565189259	2.363855132
2.510391198	2.558718861	2.415714114
2.521699267	2.542866386	2.409096378
2.601772616	2.659333549	2.307303574
2.50794621	2.568100938	2.374563831
2.533618582	2.654157231	2.250752015
2.552261614	2.68683274	2.338587414
2.417787286	2.484632805	2.388882204
2.560207824	2.600452928	2.438816027
2.376222494	2.387576836	2.286728432
2.44896088	2.519249434	2.274335218
2.614303178	2.631834358	2.288894237
2.599633252	2.65706891	2.268198773
2.44804401	2.494661922	2.321982914
2.389364303	2.43610482	2.321501624
2.352689487	2.448398577	2.250872338
2.399755501	2.419928826	2.266032968
2.473716381	2.540278227	2.245698472
2.485330073	2.548042705	2.331007099
2.44193154	2.483662245	2.247623631
2.389669927	2.396958913	2.225484298
2.424511002	2.463927532	2.218505595
2.460880196	2.493044322	2.222837204
2.33190709	2.431252022	2.24220912
2.319070905	2.387900356	2.28420166
2.319987775	2.326755095	2.21874624
2.357885086	2.378518279	2.187221754
2.366748166	2.416693627	2.226206233
2.35299511	2.413781948	2.219347852
2.321821516	2.408929149	2.271928769
2.321210269	2.303138143	2.244374925
2.350855746	2.386606276	2.241246541
2.341992665	2.384018117	2.259415233
2.394254279	2.40666451	2.284442305
2.338630807	2.384665157	2.23390687
2.350855746	2.443869298	2.269642642
2.386002445	2.491750243	2.18409337
2.361858191	2.453574895	2.308867766
2.334963325	2.452604335	2.200336903
2.408924205	2.470721449	2.329322585
2.279645477	2.384665157	2.262543617
2.456295844	2.473633128	2.241366863
2.308374083	2.369783242	2.134400193
2.472493888	2.558071821	2.21826495
2.361552567	2.398576512	2.292383588
2.310819071	2.378841799	2.173865961
2.233801956	2.296020705	2.272410059
2.356662592	2.423487544	2.216339791
2.376833741	2.512455516	2.145710504
2.231968215	2.331607894	2.209842378
2.364914425	2.510837917	2.285404885
2.30806846	2.411517308	2.258813621
2.281784841	2.303138143	2.178077247
2.326405868	2.426399224	2.094212489
2.365831296	2.403105791	2.097942486
2.430929095	2.536395988	2.119720852
2.243276284	2.300549984	2.208398508
2.194070905	2.269815594	2.163036939
2.1849022	2.24846328	2.139935026
2.224633252	2.304432223	2.140055348
2.325183374	2.394370754	2.172181446
2.232273839	2.301197024	2.172783059
2.319682152	2.297961825	2.160871135
2.234413203	2.31187318	2.167849838
2.325183374	2.336784212	2.150764048
2.356051345	2.351342608	2.061364457
2.25	2.315431899	2.175069185
2.268031785	2.333225493	2.119359884
2.224022005	2.283079909	2.112621826
2.153117359	2.222905209	2.210684635
2.30806846	2.340989971	2.129827939
2.21301956	2.229052087	2.139574058
2.253973105	2.304755742	2.105282156
2.311124694	2.385312197	2.18505595
2.279645477	2.305726302	2.141138251
2.224938875	2.28178583	2.237275899
2.194070905	2.225169848	2.190350138
2.281479218	2.351019088	2.128865359
2.244498778	2.293109026	2.152929852
2.341075795	2.348107409	2.078209602
2.326405868	2.381429958	2.172783059
2.228300734	2.232287286	2.167368548
2.259474328	2.304108703	2.106365058
2.194987775	2.267550954	2.157863073
2.319376528	2.346489809	2.043556732
2.238997555	2.256874798	2.155095656
2.184596577	2.205758654	2.203344964
2.207823961	2.294726626	2.096257971
2.180317848	2.159818829	2.12453375
2.23594132	2.268197994	2.154253399
2.330684597	2.307020382	2.019973529
2.140281174	2.258492397	2.130790519
2.25702934	2.256227758	2.068583805
2.262530562	2.411517308	2.072313801
2.110330073	2.162406988	2.113825051
2.204767726	2.257845357	2.076284442
2.156479218	2.25072792	2.125857298
2.175122249	2.226140408	2.098544098
2.181234719	2.252021999	2.122969558
2.172066015	2.227758007	2.148477921
2.196515892	2.224846328	2.096739261
2.141503667	2.227434487	2.081458308
2.220660147	2.240698803	2.098423776
2.283007335	2.306049822	2.093610877
2.196821516	2.21934649	2.012393214
2.212713936	2.268845034	2.077728312
2.241136919	2.25137496	1.97364938
2.249388753	2.205435134	2.075562508
2.124694377	2.129084439	2.006617736
2.175733496	2.211258492	2.053302852
2.04309291	2.087997412	2.106365058
2.142420538	2.137819476	1.99903742
2.093215159	2.131996118	2.090963783
2.157090465	2.235522485	1.946215859
2.238691932	2.268521514	2.045000602
2.066625917	2.090909091	2.010107087
2.171149144	2.194758978	2.005655156
2.046760391	2.027175671	1.940320058
2.109107579	2.173730184	1.967994225
2.111552567	2.105467486	2.006016123
2.109413203	2.137172436	2.02538804
2.003361858	2.066321579	2.064252196
2.063569682	2.050145584	2.00048129
2.125611247	2.170171466	1.926362652
2.095354523	2.150113232	2.012272891
2.169315403	2.185053381	2.012874504
2.071210269	2.054351343	2.053543497
1.997860636	2.002911679	1.954758753
2.091687042	2.171142025	1.956804235
2.116748166	2.142995794	1.89796655
2.129278729	2.18893562	1.913367826
2.035146699	2.069880298	1.901816869
2.05898533	2.12552572	1.986523884
1.978300733	1.986412164	1.961496811
1.970660147	2.036881268	1.965708098
2.005195599	2.057586542	2.021176754
2.086185819	2.105467486	1.950066177
2.028117359	2.043998706	1.955961978
2.076100244	2.122614041	1.968595837
2.154339853	2.105143966	1.927926844
2.022616137	2.064380459	1.865479485
2.042176039	2.083468133	1.912405246
2.084352078	2.082174054	1.852965949
2.00794621	2.03170495	2.019853207
1.913202934	1.978647687	1.979063891
1.966687042	2.014234875	1.941763927
1.997555012	1.996117761	1.895439779
2.083740831	2.164348107	1.804355673
2.072127139	2.152701391	1.877150764
2.011308068	2.051439664	1.83936951
1.992665037	2.016499515	1.91601492
1.871638142	1.903914591	1.849957887
1.994498778	1.993529602	1.870533029
1.91106357	1.949854416	1.826374684
2.010696822	1.966677451	1.892431717
1.959046455	1.923325785	1.860425942
1.953850856	1.975088968	1.842979184
1.937652812	1.927531543	1.83936951
1.956601467	2.017146555	1.792082782
1.928484108	1.958265933	1.819035014
1.904339853	1.927855063	1.822524365
1.907701711	1.981882886	1.828299844
1.844743276	1.855710126	1.836722416
1.875611247	1.932384342	1.775839249
1.928484108	1.96797153	1.879918181
1.870110024	1.933031381	1.787871496
1.920232274	1.989970883	1.883166887
1.85299511	1.901649951	1.751774756
1.954767726	2.018440634	1.869209481
1.919315403	1.926884503	1.712669955
1.944682152	1.993206082	1.768619901
1.847188264	1.819799418	1.840933702
1.927261614	1.985441605	1.819756949
1.776894866	1.807829181	1.803994706
1.797982885	1.851504368	1.83347371
1.888447433	1.955677774	1.702322224
1.893643032	1.851504368	1.802069546
1.915953545	1.96861857	1.732162195
1.880195599	1.920090586	1.784743112
1.765586797	1.792300226	1.751293466
1.908924205	1.956971854	1.680904825
1.823655257	1.846328049	1.828299844
1.880806846	1.935296021	1.809168572
1.819987775	1.840504691	1.699073517
1.719132029	1.783241669	1.759475394
1.920537897	1.989323843	1.683070629
1.885085575	1.9382077	1.764047648
1.794621027	1.78032999	1.768980869
1.887530562	1.900032352	1.779569246
1.733190709	1.728566807	1.750812177
1.888141809	1.910061469	1.625315846
1.856356968	1.872533161	1.795812778
1.899144254	1.871562601	1.786547949
1.858190709	1.90747331	1.752857659
1.68306846	1.756389518	1.741427024
1.87591687	1.908767389	1.675610637
1.898838631	1.911679068	1.791962459
1.847493888	1.855710126	1.71435447
1.834657702	1.846975089	1.70460835
1.722493888	1.759624717	1.747683793
1.902506112	1.896797153	1.682348695
1.784535452	1.846651569	1.719528336
1.732885086	1.757036558	1.734087354
1.810513447	1.830152054	1.705330285
1.75091687	1.757683598	1.7402238
1.790953545	1.803946943	1.675851281
1.801344743	1.803946943	1.733124774
1.792481663	1.777094791	1.731199615
1.813264059	1.84373989	1.63915293
1.745721271	1.760271757	1.652629046
1.805012225	1.832416694	1.671639995
1.766809291	1.840828211	1.737336061
1.738997555	1.725978648	1.701118999
1.68398533	1.78000647	1.688364818
1.751222494	1.757036558	1.662014198
1.775672372	1.855386606	1.714474792
1.850855746	1.805564542	1.644808086
1.781784841	1.788741508	1.724942847
1.710880196	1.722419929	1.672241608
1.842298289	1.803623423	1.638551318
1.705378973	1.75024264	1.763807003
1.812652812	1.848269169	1.7402238
1.733190709	1.762212876	1.745999278
1.749694377	1.78162407	1.675490314
1.846882641	1.896150113	1.636505836
1.806234719	1.854092527	1.687161593
1.85299511	1.941442899	1.681506437
1.726772616	1.735037205	1.664180002
1.666870416	1.679391783	1.653591626
1.77200489	1.81171142	1.702442546
1.718215159	1.763183436	1.724822524
1.761613692	1.776124232	1.647334857
1.655562347	1.739890003	1.704127061
1.748166259	1.78162407	1.65575743
1.738691932	1.817211258	1.647695825
1.748777506	1.770947913	1.702442546
1.807151589	1.824975736	1.633257129
1.751833741	1.740860563	1.632414872
1.685513447	1.714978971	1.582842017
1.769254279	1.863474604	1.662495488
1.710574572	1.740860563	1.653471303
1.66809291	1.756713038	1.618938756
1.657701711	1.65771595	1.631572615
1.731662592	1.75088968	1.634941644
1.717909535	1.755418958	1.686319336
1.657701711	1.679715302	1.619781013
1.625305623	1.683597541	1.675369992
1.689180929	1.700097056	1.681386115
1.797677262	1.767389194	1.68992901
1.675733496	1.703008735	1.693899651
1.771393643	1.763830476	1.713030923
1.753361858	1.761565836	1.612441343
1.710268949	1.765771595	1.682950307
1.723410758	1.855386606	1.605342317
1.802261614	1.84244581	1.719528336
1.672982885	1.6861857	1.652027434
1.738691932	1.828534455	1.635904223
1.663202934	1.649951472	1.63722777
1.775061125	1.78130055	1.555889785
1.736246944	1.745389841	1.608831669
1.702322738	1.675186024	1.647094212
1.724633252	1.71918473	1.627842618
1.635391198	1.649627952	1.602815546
1.689792176	1.720802329	1.578871375
1.676650367	1.712390812	1.61280231
1.662591687	1.753477839	1.613163278
1.652811736	1.663215788	1.655637107
1.644254279	1.623099321	1.646372278
1.701100244	1.691038499	1.578751053
1.636002445	1.696861857	1.616291662
1.705684597	1.699773536	1.588256527
1.697127139	1.757036558	1.525207556
1.709046455	1.724037528	1.682469017
1.658007335	1.729213847	1.669955481
1.636919315	1.667098027	1.664661292
1.594437653	1.576512456	1.56298881
1.773838631	1.793594306	1.550715919
1.802567237	1.802005823	1.603296836
1.72891198	1.763506956	1.656479365
1.618276284	1.643481074	1.643845506
1.627444988	1.672921385	1.708338347
1.651589242	1.684244581	1.565996872
1.726161369	1.732772566	1.663698713
1.66992665	1.784535749	1.68066418
1.794621027	1.824975736	1.688846108
1.626528117	1.676803623	1.703405126
1.68306846	1.739566483	1.618457466
1.780256724	1.742478162	1.541330766
1.733496333	1.78065351	1.649380339
1.750305623	1.821093497	1.625195524
1.672066015	1.731154966	1.619179401
1.616748166	1.630540278	1.570448803
1.769254279	1.78000647	1.588737817
1.694070905	1.725978648	1.543496571
1.672982885	1.712067292	1.656359042
1.619498778	1.611129084	1.613644567
1.609413203	1.628599159	1.597882325
1.626222494	1.639275315	1.629045843
1.756418093	1.707214494	1.548550114
1.703545232	1.760271757	1.679099988
1.645171149	1.660304109	1.54542173
1.685513447	1.722096409	1.610034894
1.591381418	1.584276933	1.560702683
1.737775061	1.755095438	1.659126459
1.63997555	1.621481721	1.617254241
1.700488998	1.673891944	1.632174227
1.655562347	1.639598835	1.619179401
1.727383863	1.747978001	1.564673325
1.752750611	1.742801682	1.575863314
1.680623472	1.703008735	1.550114306
1.694070905	1.716920091	1.529178198
1.662591687	1.652216111	1.555288172
1.669621027	1.702361695	1.559138491
1.575488998	1.578453575	1.561304296
1.577322738	1.578777095	1.568162676
1.600244499	1.65739243	1.525087234
1.656173594	1.703655775	1.54494044
1.621026895	1.608864445	1.500541451
1.637224939	1.650922032	1.612681988
1.546149144	1.551924943	1.568282998
1.548899755	1.613070204	1.526290458
1.546454768	1.599805888	1.554566238
1.629278729	1.685862181	1.572855252
1.640281174	1.659010029	1.498255324
1.58190709	1.556777742	1.574299122
1.673899755	1.636363636	1.484418241
1.595354523	1.668392106	1.503308868
1.61094132	1.607893885	1.583804596
1.657090465	1.716920091	1.489953074
1.491136919	1.475897768	1.494405005
1.518643032	1.606276286	1.531704969
1.637224939	1.647039793	1.538202382
1.556234719	1.559365901	1.570208158
1.550427873	1.542542866	1.588136205
1.612163814	1.597864769	1.506076284
1.589547677	1.626981559	1.538322705
1.675427873	1.691038499	1.476236313
1.661674817	1.710773213	1.501143063
1.537591687	1.505661598	1.526290458
1.612163814	1.631834358	1.517867886
1.515892421	1.554189583	1.525809169
1.55898533	1.588159172	1.545181085
1.615831296	1.583953413	1.476958248
1.611552567	1.59495309	1.5361569
1.618276284	1.620511161	1.46288052
1.599022005	1.598511808	1.517145951
1.529645477	1.565189259	1.51317531
1.597188264	1.598511808	1.467573096
1.509779951	1.529602071	1.5136566
1.619498778	1.596894209	1.47070148
1.566320293	1.597217729	1.534352064
1.510085575	1.523455192	1.423414752
1.563875306	1.603041087	1.412465407
1.521393643	1.543836946	1.516303694
1.611858191	1.637010676	1.427866683
1.458435208	1.475574248	1.484658886
1.485330073	1.508249757	1.413909277
1.545843521	1.586541572	1.39646252
1.502750611	1.524425752	1.478642763
1.507334963	1.544807506	1.436409578
1.445599022	1.485926885	1.47118277
1.427567237	1.490456163	1.420045723
1.520171149	1.569718538	1.370472867
1.462713936	1.46780977	1.457345686
1.532701711	1.53219023	1.473709542
1.454767726	1.483985765	1.485982433
1.427567237	1.415399547	1.42870894
1.504584352	1.536395988	1.403080255
1.563264059	1.529602071	1.443267958
1.538202934	1.565189259	1.465046324
1.457823961	1.467162731	1.421489592
1.443154034	1.46878033	1.408615088
1.444987775	1.53186671	1.354349657
1.560513447	1.551924943	1.423294429
1.4400978	1.513749596	1.469859223
1.500305623	1.482368166	1.458308266
1.385391198	1.386929796	1.404644447
1.467909535	1.447751537	1.42870894
1.511919315	1.53219023	1.397304777
1.496026895	1.549336784	1.466851161
1.479217604	1.482691686	1.386355433
1.519865526	1.516337755	1.358681266
1.41198044	1.453251375	1.375285766
1.502750611	1.495632481	1.376128023
1.474938875	1.446780977	1.483455661
1.41992665	1.399870592	1.431356034
1.421760391	1.434163701	1.442064733
1.409841076	1.444192818	1.37107448
1.55806846	1.578453575	1.444471183
1.496638142	1.512455516	1.447479244
1.515892421	1.536395988	1.469016965
1.437958435	1.414428987	1.379737697
1.45690709	1.465221611	1.436890868
1.471882641	1.516014235	1.365780291
1.532701711	1.5626011	1.419083143
1.446821516	1.477191847	1.4199254
1.462102689	1.46878033	1.437372157
1.410146699	1.410870269	1.393454458
1.445904645	1.474280168	1.409216701
1.511919315	1.527013911	1.405005415
1.485635697	1.546101585	1.349897726
1.459963325	1.466839211	1.424617976
1.533312958	1.510190877	1.392852846
1.465158924	1.494014882	1.401516063
1.437652812	1.441604659	1.395740585
1.477383863	1.472986089	1.328239682
1.423594132	1.445486897	1.340512574
1.442542787	1.411840828	1.350739983
1.381112469	1.46845681	1.40428348
1.382640587	1.397605953	1.39501865
1.437347188	1.416046587	1.378173505
1.396699267	1.393723714	1.337504512
1.44101467	1.489485603	1.402117675
1.449877751	1.451633775	1.339429672
1.338325183	1.400517632	1.346528697
1.359413203	1.362989324	1.333533871
1.469743276	1.470721449	1.37697028
1.361552567	1.402135231	1.482493081
1.373471883	1.417987706	1.371676092
1.365220049	1.399870592	1.385513175
1.437347188	1.403429311	1.323547106
1.563569682	1.578130055	1.352424498
1.4049511	1.463280492	1.439056672
1.414425428	1.429957942	1.403200578
1.373777506	1.398576512	1.383588016
1.391198044	1.354577807	1.32908194
1.495721271	1.49951472	1.309469378
1.448349633	1.515367195	1.366863193
1.412286064	1.445486897	1.344001925
1.363997555	1.387576836	1.369269643
1.351466993	1.40666451	1.330044519
1.459352078	1.472662569	1.383467693
1.415953545	1.434487221	1.345566117
1.399449878	1.422840505	1.366863193
1.360635697	1.380135878	1.37889544
1.41992665	1.458751213	1.347009987
1.398227384	1.40472339	1.378173505
1.40403423	1.442898738	1.34520515
1.38905868	1.396958913	1.40476477
1.384779951	1.426399224	1.327036458
1.438875306	1.433193141	1.365539646
1.436124694	1.440634099	1.329803874
1.457823961	1.483985765	1.292624233
1.359718826	1.365577483	1.328841295
1.434596577	1.40569395	1.372157382
1.346271394	1.370753801	1.357357719
1.294315403	1.380459398	1.347852244
1.326405868	1.397605953	1.334015161
1.412897311	1.376900679	1.32811936
1.423899755	1.418634746	1.273011671
1.412591687	1.403105791	1.357478041
1.38905868	1.412487868	1.366502226
1.339547677	1.357489486	1.405727349
1.363997555	1.292138467	1.30321261
1.410146699	1.429957942	1.333172903
1.378056235	1.383371077	1.350138371
1.451405868	1.480427046	1.31055228
1.321821516	1.354254287	1.353146432
1.428789731	1.415076027	1.34424257
1.385391198	1.411840828	1.296835519
1.334352078	1.362342284	1.325833233
1.421149144	1.382400518	1.292744555
1.381418093	1.411193788	1.356876429
1.355745721	1.401488192	1.335819998
1.421760391	1.425105144	1.30176874
1.279339853	1.326755095	1.323547106
1.373471883	1.413458428	1.313199374
1.386613692	1.395664833	1.315124534
1.329156479	1.358460045	1.310191313
1.364608802	1.353607247	1.330646132
1.358496333	1.373018441	1.290217784
1.329156479	1.330960854	1.32077969
1.313875306	1.347783889	1.309349055
1.410452323	1.399870592	1.313199374
1.305012225	1.364606923	1.359403201
1.363691932	1.368812682	1.231500421
1.383557457	1.358460045	1.347009987
1.344132029	1.3756066	1.33497774
1.386613692	1.413134908	1.331849356
1.304095355	1.268845034	1.295632295
1.400672372	1.400841152	1.301648418
1.378361858	1.396635393	1.265551678
1.405562347	1.445486897	1.343881603
1.334657702	1.359107085	1.379617375
1.372555012	1.346489809	1.300565516
1.322738386	1.284373989	1.291300686
1.386919315	1.396311873	1.249789436
1.407090465	1.434487221	1.286487787
1.28698044	1.304432223	1.350499338
1.344743276	1.391459075	1.313440019
1.269865526	1.31122614	1.29491036
1.323655257	1.3138143	1.323547106
1.378973105	1.397605953	1.313440019
1.37591687	1.369783242	1.260016845
1.332212714	1.395341313	1.288653592
1.318765281	1.395017794	1.267115871
1.357579462	1.358783565	1.351702563
1.279645477	1.28275639	1.303934545
1.326405868	1.333549013	1.25195524
1.283618582	1.291491427	1.253639755
1.403117359	1.451957295	1.256527494
1.354217604	1.415723067	1.279990374
1.296454768	1.28049175	1.28564553
1.260696822	1.319961178	1.286247142
1.258863081	1.283726949	1.281313921
1.334657702	1.318020058	1.249187823
1.313875306	1.347460369	1.241968476
1.312652812	1.34390165	1.308988088
1.332823961	1.306696862	1.251594273
1.314486553	1.321255257	1.200577548
1.239608802	1.264315755	1.197328841
1.35207824	1.362342284	1.206954638
1.371943765	1.357165966	1.258933943
1.287286064	1.21999353	1.247262664
1.221882641	1.227434487	1.232583323
1.202933985	1.226787447	1.228973649
1.299816626	1.329343255	1.258212008
1.298594132	1.303461663	1.22801107
1.274144254	1.263668716	1.290338106
1.266198044	1.255257198	1.198532066
1.312347188	1.34260757	1.250150403
1.307151589	1.290844387	1.268198773
1.358496333	1.337431252	1.23631332
1.204767726	1.277903591	1.2265672
1.30103912	1.329019735	1.191553363
1.310819071	1.314461339	1.217543015
1.289119804	1.302491103	1.178317892
1.298899756	1.28275639	1.231741066
1.208740831	1.190229699	1.175430153
1.262224939	1.258168877	1.174106606
1.20599022	1.214170171	1.207917218
1.264364303	1.293756066	1.186138852
1.258557457	1.240051763	1.253519432
1.194682152	1.236816564	1.20117916
1.214853301	1.21902297	1.177355312
1.22707824	1.231640246	1.177836602
1.310819071	1.296667745	1.165082421
1.217298289	1.243934002	1.223077849
1.185207824	1.233257845	1.205751414
1.243581907	1.217081851	1.216941403
1.220660147	1.208670333	1.193237878
1.256112469	1.267227434	1.215858501
1.271393643	1.270786153	1.205992059
1.247860636	1.296020705	1.224882686
1.134474328	1.207376254	1.201540128
1.277811736	1.28113879	1.173625316
1.231662592	1.237463604	1.192275298
1.233496333	1.237463604	1.142943087
1.194376528	1.24943384	1.187101432
1.19193154	1.195082498	1.190470461
1.246026895	1.227434487	1.201299483
1.185513447	1.199935296	1.160389845
1.202322738	1.266256875	1.134039225
1.233801956	1.204141055	1.193117555
1.237775061	1.200258816	1.134881482
1.143948655	1.166612747	1.225845265
1.130195599	1.170818505	1.156539526
1.240525672	1.269815594	1.162555649
1.174816626	1.168553866	1.172181446
1.249694377	1.234228405	1.171098544
1.182457213	1.144936914	1.21730237
1.231662592	1.222258169	1.087715076
1.192542787	1.228081527	1.149560823
1.209963325	1.196376577	1.164721453
1.315403423	1.310902621	1.171940801
1.121638142	1.132319638	1.220551077
1.177872861	1.180524102	1.070147997
1.228300733	1.223875768	1.157863073
1.208129584	1.206082174	1.15040308
1.272310513	1.297638305	1.123330526
1.073349633	1.085085733	1.186379497
1.171149144	1.215787771	1.112020214
1.205378973	1.202846975	1.217903983
1.144559902	1.137172436	1.125135363
1.218215159	1.243610482	1.119480207
1.109413203	1.104496927	1.177355312
1.224022005	1.234551925	1.16652629
1.120721271	1.144936914	1.145229214
1.129584352	1.132643158	1.165804356
1.196515892	1.213199612	1.11911924
1.196210269	1.230669686	1.213933341
1.209963325	1.210611453	1.158585008
1.178484108	1.230022646	1.195283359
1.106051345	1.114526043	1.119359884
1.237469438	1.260433517	1.100950547
1.200488998	1.265933355	1.192515943
1.190403423	1.21902297	1.129587294
1.154645477	1.136201876	1.138009866
1.162591687	1.119378842	1.17530983
1.196821516	1.196376577	1.155215979
1.16198044	1.167906826	1.160991457
1.165342298	1.145583953	1.136445674
1.192542787	1.21772889	1.126819877
1.209046455	1.202199935	1.090121526
1.177261614	1.203494015	1.127782457
1.127444988	1.171465545	1.179400794
1.1549511	1.149142672	1.090121526
1.143643032	1.12552572	1.136806642
1.14608802	1.169847946	1.12645891
1.160146699	1.144936914	1.148718566
1.081295844	1.127790359	1.11911924
1.154645477	1.138142996	1.08494766
1.121332518	1.151083792	1.160269522
1.189792176	1.165642187	1.143424377
1.205684597	1.240698803	1.129707616
1.128361858	1.131349078	1.157863073
1.181234719	1.175671304	1.139814703
1.141198044	1.162083468	1.139213091
1.138447433	1.121967001	1.118758272
1.241442543	1.195406017	1.101672482
1.165953545	1.15658363	1.137167609
1.177872861	1.196700097	1.099867645
1.19101467	1.210287933	1.147876309
1.130195599	1.135231317	1.145349537
1.142726161	1.192494338	1.116111178
1.099022005	1.149142672	1.051858982
1.150061125	1.210934973	1.085669595
1.209352078	1.190553219	1.165323066
1.165647922	1.18602394	1.0937312
1.039425428	1.074086056	1.11815666
1.121026895	1.104820446	1.016484178
1.2200489	1.201876415	1.088918301
1.109413203	1.136848916	1.132475033
1.16992665	1.182788742	1.187823367
1.024755501	1	1.107207316
1.135085575	1.138142996	1.09132475
1.189486553	1.200905856	1.08254121
1.21301956	1.254286639	1.126338587
1.122249389	1.135554837	1.106846348
1.109107579	1.121967001	1.052340272
1.126833741	1.120672921	1.018409337
1.115831296	1.150760272	1.112982794
1.126833741	1.159495309	1.091204428
1.078239609	1.077644775	1.181686921
1.052261614	1.010352637	1.136205029
1.130501222	1.135554837	1.023342558
1.112469438	1.106114526	1.077728312
1.210574572	1.239404723	1.102635062
1.145782396	1.143642834	1.122849236
1.063264059	1.056615982	1.113103116
1.099022005	1.12584924	1.059318975
1.153117359	1.131996118	1.108049573
1.156479218	1.145907473	1.117555048
1.099938875	1.123261081	1.172903381
1.067237164	1.083144613	1.095295392
1.125	1.164671627	1
1.138141809	1.151730831	1.090602816
1.178178484	1.230022646	1.083142823
1.183374083	1.122614041	1.119359884
1.034229829	1.048527984	1.128865359
1.11094132	1.119378842	1.037179641
1.115831296	1.118731802	1.098784743
1.16106357	1.172112585	1.071471544
1.142420538	1.170494985	1.025147395
1.002139364	1.055645422	1.060281555
1.079462103	1.102555807	1.01756708
1.104828851	1.059851181	1.129827939
1.070904645	1.039469427	1.074118638
1.079462103	1.089938531	1.096859584
1	1.014881915	1.033449645
1.143643032	1.170171466	1.057032848
1.081601467	1.105467486	1.104199254
1.106968215	1.146554513	1.071230899
1.058374083	1.09285021	1.010708699
1.059290954	1.071497897	1.054506076
1.144865526	1.087026852	1.069065094
1.085880196	1.099320608	1.112260859
1.053178484	1.06276286	1.112862471
1.061735941	1.058880621	1.085910239
1.098410758	1.134260757	1.079653471
1.126222494	1.095438369	1.037781254
1.182151589	1.146878033	1.057754783
1.143643032	1.113231964	1.117555048
1.096882641	1.102232287	1.063770906
1.063569682	1.072791977	1.137648899
1.049816626	1.096085409	1.116592468
1.130501222	1.122614041	1.050535435
1.057457213	1.074409576	1.051016725
1.142420538	1.152377871	1.096979906
1.157090465	1.122290521	1.085669595
1.066320293	1.098997088	1.06834316
1.084046455	1.083791653	1.040668993
1.112163814	1.118731802	1.063650584
1.117665037	1.117437722	1.063409939
1.092298289	1.106761566	1.073276381
1.058374083	1.089291491	1.10155216
1.070599022	1.095438369	1.055348334
1.076405868	1.097703009	1.058958007
1.135696822	1.099320608	1.033569968
1.143948655	1.146878033	1.076284442
1.063569682	1.111614364	1.086872819
1.087408313	1.059204141	1.094332812
1.108190709	1.096732449	1.058837685
1.131723716	1.15528955	1.027914812
1.108190709	1.06276286	1.012152569
1.136613692	1.145907473	1.062206714
1.106356968	1.129407959	1.030080616
1.040342298	1.079585895	1.044759957
1.034841076	1.028793271	1.119239562
1.078239609	1.100291168	1.027313199
1.068154034	1.057586542	1.054987366
